id;price;name;quantity;currency;description
1;37454;Directives application Home Loan Account;15601;USD;alarm
2;2058;Producer;83244;DOP;Albania web-readiness
3;29122;Investment Account Steel;29214;DOP;Cambridgeshire Mississippi
4;4645;Credit Card Account Table Small Frozen Sausages;96563;DOP;Nakfa
5;44015;Rubber Buckinghamshire Games;90932;DOP;Costa Rica Mayotte
6;18485;Facilitator;77513;USD;National Awesome sky blue
7;4522;software scale interactive;82873;USD;Plastic
8;80219;Small;98688;DOP;overriding
9;70685;application quantify Unbranded Plastic Tuna;11586;DOP;moratorium moratorium
10;72960;withdrawal COM;47221;USD;Idaho compress Avon
