id;name;phone;email;quantity;timestamp;paid
1;mobile Fish;551.410.0483 x6176;Anabelle_Wisozk93@gmail.com;21234;2020-06-17T02:28:24;false
2;Soap methodology Albania;025-631-0293 x240;Liana_Dooley@hotmail.com;98323;2020-06-16T12:16:28;false
3;HDD;(140) 099-9583 x3002;Dayne.Kessler60@hotmail.com;49518;2020-06-16T06:29:44;false
4;Regional;(167) 345-2551;Wade.Spinka93@gmail.com;39515;2020-06-16T05:00:59;true
5;capacitor archive;150.938.3725 x853;Earl.Moen@hotmail.com;14093;2020-06-16T19:22:54;true
6;Small;473.120.0817 x77776;Tierra.Hermiston@gmail.com;91496;2020-06-16T05:46:40;true
7;Highway Ergonomic;363.675.6285;Geovanny_Carter84@yahoo.com;76078;2020-06-16T09:10:15;true
8;compress;(057) 410-4120 x864;Kelton_Lang13@gmail.com;24929;2020-06-16T11:59:11;false
9;override User-centric;(526) 189-6826;Saul.Klocko18@gmail.com;41651;2020-06-16T05:04:15;true
10;projection Fresh;391.226.4083;Ellsworth51@hotmail.com;53409;2020-06-16T16:28:28;false
